SlNo,State_Code,State,District_Key,District,Confirmed,Active,Recovered,Deceased,Migrated_Other,Delta_Confirmed,Delta_Active,Delta_Recovered,Delta_Deceased,District_Notes,Last_Updated
0,UN,State Unassigned,UN_Unassigned,Unassigned,0,0,0,0,0,0,0,0,0,,
1,AN,Andaman and Nicobar Islands,AN_Nicobars,Nicobars,0,0,0,0,0,0,0,0,0,District-wise numbers are out-dated as cumulative counts for each district are not reported in bulletin,
2,AN,Andaman and Nicobar Islands,AN_North and Middle Andaman,North and Middle Andaman,1,0,1,0,0,0,0,0,0,District-wise numbers are out-dated as cumulative counts for each district are not reported in bulletin,
3,AN,Andaman and Nicobar Islands,AN_South Andaman,South Andaman,51,19,32,0,0,0,0,0,0,District-wise numbers are out-dated as cumulative counts for each district are not reported in bulletin,
0,AP,Andhra Pradesh,AP_Foreign Evacuees,Foreign Evacuees,434,0,434,0,0,0,0,0,0,,
4,AP,Andhra Pradesh,AP_Anantapur,Anantapur,21173,6768,14263,142,0,1112,-494,1596,10,,
5,AP,Andhra Pradesh,AP_Chittoor,Chittoor,14306,6215,7948,143,0,755,251,496,8,,
6,AP,Andhra Pradesh,AP_East Godavari,East Godavari,27580,12583,14792,205,0,1351,973,368,10,,
7,AP,Andhra Pradesh,AP_Guntur,Guntur,19419,7224,12007,188,0,868,226,633,9,,
8,AP,Andhra Pradesh,AP_Krishna,Krishna,9042,3012,5832,198,0,363,57,300,6,,
9,AP,Andhra Pradesh,AP_Kurnool,Kurnool,23348,9811,13314,223,0,1285,115,1168,2,,
0,AP,Andhra Pradesh,AP_Other State,Other State,2461,0,2461,0,0,0,0,0,0,,
10,AP,Andhra Pradesh,AP_Prakasam,Prakasam,7256,2846,4324,86,0,366,19,341,6,,
11,AP,Andhra Pradesh,AP_S.P.S. Nellore,S.P.S. Nellore,10705,5368,5263,74,0,788,-169,951,6,,
12,AP,Andhra Pradesh,AP_Srikakulam,Srikakulam,9636,4297,5235,104,0,682,549,131,2,,
13,AP,Andhra Pradesh,AP_Visakhapatnam,Visakhapatnam,16682,9595,6940,147,0,781,-85,862,4,,
14,AP,Andhra Pradesh,AP_Vizianagaram,Vizianagaram,7468,4639,2757,72,0,575,388,184,3,,
15,AP,Andhra Pradesh,AP_West Godavari,West Godavari,15786,3953,11716,117,0,798,-208,1003,3,,
16,AP,Andhra Pradesh,AP_Y.S.R. Kadapa,Y.S.R. Kadapa,11493,5855,5584,54,0,604,118,483,3,,
17,AR,Arunachal Pradesh,AR_Anjaw,Anjaw,4,0,4,0,0,0,0,0,0,,
18,AR,Arunachal Pradesh,AR_Changlang,Changlang,269,147,122,0,0,2,-3,5,0,,
19,AR,Arunachal Pradesh,AR_East Kameng,East Kameng,57,39,18,0,0,8,-1,9,0,,
20,AR,Arunachal Pradesh,AR_East Siang,East Siang,114,45,69,0,0,0,-1,1,0,,
21,AR,Arunachal Pradesh,AR_Kamle,Kamle,1,0,1,0,0,0,0,0,0,,
22,AR,Arunachal Pradesh,AR_Kra Daadi,Kra Daadi,0,0,0,0,0,0,0,0,0,,
23,AR,Arunachal Pradesh,AR_Kurung Kumey,Kurung Kumey,0,0,0,0,0,0,0,0,0,,
24,AR,Arunachal Pradesh,AR_Lepa Rada,Lepa Rada,13,2,11,0,0,0,0,0,0,,
25,AR,Arunachal Pradesh,AR_Lohit,Lohit,55,38,17,0,0,10,10,0,0,,
26,AR,Arunachal Pradesh,AR_Longding,Longding,14,6,8,0,0,0,0,0,0,,
27,AR,Arunachal Pradesh,AR_Lower Dibang Valley,Lower Dibang Valley,22,6,16,0,0,0,-1,1,0,,
28,AR,Arunachal Pradesh,AR_Lower Siang,Lower Siang,40,23,17,0,0,2,2,0,0,,
29,AR,Arunachal Pradesh,AR_Lower Subansiri,Lower Subansiri,39,13,26,0,0,0,0,0,0,,
30,AR,Arunachal Pradesh,AR_Namsai,Namsai,160,104,56,0,0,55,55,0,0,,
31,AR,Arunachal Pradesh,AR_Pakke Kessang,Pakke Kessang,1,0,1,0,0,0,0,0,0,,
32,AR,Arunachal Pradesh,AR_Papum Pare,Papum Pare,910,159,750,1,0,7,-14,21,0,,
33,AR,Arunachal Pradesh,AR_Shi Yomi,Shi Yomi,4,4,0,0,0,0,0,0,0,,
34,AR,Arunachal Pradesh,AR_Siang,Siang,3,0,3,0,0,0,0,0,0,,
35,AR,Arunachal Pradesh,AR_Tawang,Tawang,50,24,26,0,0,6,5,1,0,,
36,AR,Arunachal Pradesh,AR_Tirap,Tirap,63,33,30,0,0,1,1,0,0,,
37,AR,Arunachal Pradesh,AR_Upper Dibang Valley,Upper Dibang Valley,0,0,0,0,0,0,0,0,0,,
38,AR,Arunachal Pradesh,AR_Upper Siang,Upper Siang,28,8,20,0,0,0,3,-3,0,,
39,AR,Arunachal Pradesh,AR_Upper Subansiri,Upper Subansiri,4,1,3,0,0,0,0,0,0,,
40,AR,Arunachal Pradesh,AR_West Kameng,West Kameng,57,21,34,2,0,1,1,0,0,,
41,AR,Arunachal Pradesh,AR_West Siang,West Siang,40,27,13,0,0,1,1,0,0,,
0,AS,Assam,AS_Airport Quarantine,Airport Quarantine,13,0,13,0,0,0,0,0,0,,
42,AS,Assam,AS_Baksa,Baksa,337,35,301,1,0,0,0,0,0,,
43,AS,Assam,AS_Barpeta,Barpeta,825,85,739,1,0,0,0,0,0,,
44,AS,Assam,AS_Biswanath,Biswanath,247,68,179,0,0,0,0,0,0,,
45,AS,Assam,AS_Bongaigaon,Bongaigaon,719,163,556,0,0,0,0,0,0,,
46,AS,Assam,AS_Cachar,Cachar,1878,374,1499,5,0,163,163,0,0,,
47,AS,Assam,AS_Charaideo,Charaideo,73,5,67,1,0,0,0,0,0,,
48,AS,Assam,AS_Chirang,Chirang,233,58,175,0,0,0,0,0,0,,
49,AS,Assam,AS_Darrang,Darrang,1308,226,1077,5,0,0,0,0,0,,
50,AS,Assam,AS_Dhemaji,Dhemaji,286,48,238,0,0,0,0,0,0,,
51,AS,Assam,AS_Dhubri,Dhubri,1163,378,785,0,0,0,0,0,0,,
52,AS,Assam,AS_Dibrugarh,Dibrugarh,2187,692,1486,9,0,128,127,0,1,,
53,AS,Assam,AS_Dima Hasao,Dima Hasao,191,25,166,0,0,0,0,0,0,,
54,AS,Assam,AS_Goalpara,Goalpara,453,38,382,0,0,0,0,0,0,,
55,AS,Assam,AS_Golaghat,Golaghat,1749,495,1252,2,0,0,0,0,0,,
56,AS,Assam,AS_Hailakandi,Hailakandi,1006,219,785,2,0,0,0,0,0,,
57,AS,Assam,AS_Hojai,Hojai,933,144,788,1,0,0,0,0,0,,
58,AS,Assam,AS_Jorhat,Jorhat,2155,576,1569,10,0,104,104,0,0,,
59,AS,Assam,AS_Kamrup,Kamrup,1843,830,1008,5,0,0,0,0,0,,
60,AS,Assam,AS_Kamrup Metropolitan,Kamrup Metropolitan,17732,6346,11336,50,0,470,469,0,1,,
61,AS,Assam,AS_Karbi Anglong,Karbi Anglong,400,74,322,4,0,0,0,0,0,,
62,AS,Assam,AS_Karimganj,Karimganj,612,57,549,6,0,0,-2,0,2,,
63,AS,Assam,AS_Kokrajhar,Kokrajhar,408,58,348,2,0,0,0,0,0,,
64,AS,Assam,AS_Lakhimpur,Lakhimpur,666,101,565,0,0,0,0,0,0,,
65,AS,Assam,AS_Majuli,Majuli,85,31,54,0,0,0,0,0,0,,
66,AS,Assam,AS_Morigaon,Morigaon,419,70,349,0,0,0,0,0,0,,
67,AS,Assam,AS_Nagaon,Nagaon,2580,890,1688,2,0,197,197,0,0,,
68,AS,Assam,AS_Nalbari,Nalbari,704,107,596,1,0,0,0,0,0,,
0,AS,Assam,AS_Other State,Other State,1,0,1,0,0,0,0,0,0,,
69,AS,Assam,AS_Sivasagar,Sivasagar,334,42,290,2,0,0,0,0,0,,
70,AS,Assam,AS_Sonitpur,Sonitpur,1487,571,914,2,0,0,0,0,0,,
71,AS,Assam,AS_South Salmara Mankachar,South Salmara Mankachar,46,3,43,0,0,0,0,0,0,,
72,AS,Assam,AS_Tinsukia,Tinsukia,1881,549,1318,14,0,122,121,0,1,,
73,AS,Assam,AS_Udalguri,Udalguri,509,91,417,1,0,0,0,0,0,,
74,AS,Assam,AS_West Karbi Anglong,West Karbi Anglong,30,1,29,0,0,0,0,0,0,,
75,BR,Bihar,BR_Araria,Araria,874,413,454,7,0,77,64,13,0,,
76,BR,Bihar,BR_Arwal,Arwal,693,216,474,3,0,33,4,29,0,,
77,BR,Bihar,BR_Aurangabad,Aurangabad,1219,448,766,5,0,28,2,26,0,,
78,BR,Bihar,BR_Banka,Banka,868,358,507,3,0,58,34,24,0,,
79,BR,Bihar,BR_Begusarai,Begusarai,2273,812,1450,11,0,66,15,51,0,,
80,BR,Bihar,BR_Bhagalpur,Bhagalpur,3138,789,2316,33,0,128,122,4,2,,
81,BR,Bihar,BR_Bhojpur,Bhojpur,2000,666,1320,14,0,90,54,36,0,,
82,BR,Bihar,BR_Buxar,Buxar,1427,593,830,4,0,92,34,58,0,,
83,BR,Bihar,BR_Darbhanga,Darbhanga,1131,414,707,10,0,40,8,32,0,,
101,BR,Bihar,BR_East Champaran,East Champaran,1836,712,1111,13,0,190,168,22,0,,
84,BR,Bihar,BR_Gaya,Gaya,2607,852,1729,26,0,77,23,52,2,,
85,BR,Bihar,BR_Gopalganj,Gopalganj,1228,390,837,1,0,24,0,24,0,,
86,BR,Bihar,BR_Jamui,Jamui,1022,328,689,5,0,43,29,12,2,,
87,BR,Bihar,BR_Jehanabad,Jehanabad,1131,362,763,6,0,29,16,13,0,,
88,BR,Bihar,BR_Kaimur,Kaimur,621,161,453,7,0,3,-1,4,0,,
89,BR,Bihar,BR_Katihar,Katihar,1953,948,1002,3,0,234,181,53,0,,
90,BR,Bihar,BR_Khagaria,Khagaria,1466,489,971,6,0,50,40,9,1,,
91,BR,Bihar,BR_Kishanganj,Kishanganj,896,276,616,4,0,24,-5,29,0,,
92,BR,Bihar,BR_Lakhisarai,Lakhisarai,891,186,701,4,0,43,39,4,0,,
93,BR,Bihar,BR_Madhepura,Madhepura,906,328,574,4,0,44,35,8,1,,
94,BR,Bihar,BR_Madhubani,Madhubani,1576,663,911,2,0,75,52,23,0,,
95,BR,Bihar,BR_Munger,Munger,1352,384,950,18,0,57,35,22,0,,
96,BR,Bihar,BR_Muzaffarpur,Muzaffarpur,3007,892,2100,15,0,118,33,85,0,,
97,BR,Bihar,BR_Nalanda,Nalanda,2716,978,1718,20,0,102,19,83,0,,
98,BR,Bihar,BR_Nawada,Nawada,1558,338,1211,9,0,43,33,8,2,,
100,BR,Bihar,BR_Patna,Patna,11592,3966,7559,67,0,603,165,431,7,,
102,BR,Bihar,BR_Purnia,Purnia,1650,556,1090,4,0,80,30,50,0,,
103,BR,Bihar,BR_Rohtas,Rohtas,2610,943,1644,23,0,106,70,35,1,,
104,BR,Bihar,BR_Saharsa,Saharsa,1075,526,548,1,0,101,87,14,0,,
105,BR,Bihar,BR_Samastipur,Samastipur,1740,720,1008,12,0,139,125,14,0,,
106,BR,Bihar,BR_Saran,Saran,2155,856,1288,11,0,94,63,31,0,,
107,BR,Bihar,BR_Sheikhpura,Sheikhpura,805,338,465,2,0,69,68,1,0,,
108,BR,Bihar,BR_Sheohar,Sheohar,371,136,234,1,0,14,8,6,0,,
109,BR,Bihar,BR_Sitamarhi,Sitamarhi,954,499,450,5,0,65,22,42,1,,
110,BR,Bihar,BR_Siwan,Siwan,1867,542,1317,8,0,92,76,16,0,,
111,BR,Bihar,BR_Supaul,Supaul,1238,459,777,2,0,33,2,31,0,,
112,BR,Bihar,BR_Vaishali,Vaishali,1982,894,1078,9,1,163,128,35,0,,
99,BR,Bihar,BR_West Champaran,West Champaran,1720,508,1202,10,0,89,69,20,0,,
113,CH,Chandigarh,CH_Chandigarh,Chandigarh,1327,529,777,20,1,57,-5,62,0,,
0,CT,Chhattisgarh,CT_Other State,Other State,16,7,6,3,0,6,6,0,0,,
114,CT,Chhattisgarh,CT_Balod,Balod,102,10,92,0,0,6,5,1,0,,
115,CT,Chhattisgarh,CT_Baloda Bazar,Baloda Bazar,434,70,362,2,0,11,3,8,0,,
116,CT,Chhattisgarh,CT_Balrampur,Balrampur,233,42,191,0,0,10,8,2,0,,
117,CT,Chhattisgarh,CT_Bametara,Bametara,130,3,127,0,0,1,1,0,0,,
118,CT,Chhattisgarh,CT_Bastar,Bastar,282,126,155,1,0,28,26,2,0,,
119,CT,Chhattisgarh,CT_Bijapur,Bijapur,88,30,58,0,0,3,3,0,0,,
120,CT,Chhattisgarh,CT_Bilaspur,Bilaspur,745,148,591,6,0,65,52,13,0,,
121,CT,Chhattisgarh,CT_Dakshin Bastar Dantewada,Dakshin Bastar Dantewada,135,6,129,0,0,0,-2,2,0,,
122,CT,Chhattisgarh,CT_Dhamtari,Dhamtari,46,8,37,1,0,2,-3,5,0,,
123,CT,Chhattisgarh,CT_Durg,Durg,977,301,667,9,0,53,5,48,0,,
124,CT,Chhattisgarh,CT_Gariaband,Gariaband,106,22,83,1,0,8,8,0,0,,
125,CT,Chhattisgarh,CT_Janjgir Champa,Janjgir Champa,513,58,452,3,0,12,4,7,1,,
126,CT,Chhattisgarh,CT_Jashpur,Jashpur,258,40,218,0,0,1,3,-2,0,,
127,CT,Chhattisgarh,CT_Kabeerdham,Kabeerdham,214,32,182,0,0,0,0,0,0,,
128,CT,Chhattisgarh,CT_Kondagaon,Kondagaon,148,73,75,0,0,11,11,0,0,,
129,CT,Chhattisgarh,CT_Korba,Korba,428,40,388,0,0,11,1,10,0,,
130,CT,Chhattisgarh,CT_Koriya,Koriya,138,33,104,1,0,10,10,0,0,,
131,CT,Chhattisgarh,CT_Mahasamund,Mahasamund,193,83,108,2,0,6,4,1,1,,
132,CT,Chhattisgarh,CT_Mungeli,Mungeli,174,6,168,0,0,0,-1,1,0,,
133,CT,Chhattisgarh,CT_Narayanpur,Narayanpur,188,17,171,0,0,12,12,0,0,,
134,CT,Chhattisgarh,CT_Raigarh,Raigarh,288,84,202,2,0,19,19,0,0,,
135,CT,Chhattisgarh,CT_Raipur,Raipur,3673,1310,2325,38,0,193,80,110,3,,
136,CT,Chhattisgarh,CT_Rajnandgaon,Rajnandgaon,817,215,597,5,0,31,30,0,1,,
137,CT,Chhattisgarh,CT_Sukma,Sukma,79,8,71,0,0,2,2,0,0,,
138,CT,Chhattisgarh,CT_Surajpur,Surajpur,85,34,50,1,0,1,0,1,0,,
139,CT,Chhattisgarh,CT_Surguja,Surguja,244,20,222,2,0,2,-5,7,0,,
140,CT,Chhattisgarh,CT_Uttar Bastar Kanker,Uttar Bastar Kanker,254,28,226,0,0,19,19,0,0,,
766,CT,Chhattisgarh,CT_Gaurela Pendra Marwahi,Gaurela Pendra Marwahi,32,1,31,0,0,0,-1,1,0,,
144,DL,Delhi,DL_Central Delhi,Central Delhi,184,184,0,0,0,0,0,0,0,District-wise numbers are out-dated as cumulative counts for each district are not reported in bulletin,
145,DL,Delhi,DL_East Delhi,East Delhi,38,38,0,0,0,0,0,0,0,District-wise numbers are out-dated as cumulative counts for each district are not reported in bulletin,
146,DL,Delhi,DL_New Delhi,New Delhi,37,37,0,0,0,0,0,0,0,District-wise numbers are out-dated as cumulative counts for each district are not reported in bulletin,
147,DL,Delhi,DL_North Delhi,North Delhi,60,60,0,0,0,0,0,0,0,District-wise numbers are out-dated as cumulative counts for each district are not reported in bulletin,
148,DL,Delhi,DL_North East Delhi,North East Delhi,25,25,0,0,0,0,0,0,0,District-wise numbers are out-dated as cumulative counts for each district are not reported in bulletin,
149,DL,Delhi,DL_North West Delhi,North West Delhi,32,31,0,1,0,0,0,0,0,District-wise numbers are out-dated as cumulative counts for each district are not reported in bulletin,
150,DL,Delhi,DL_Shahdara,Shahdara,48,48,0,0,0,0,0,0,0,District-wise numbers are out-dated as cumulative counts for each district are not reported in bulletin,
151,DL,Delhi,DL_South Delhi,South Delhi,70,70,0,0,0,0,0,0,0,District-wise numbers are out-dated as cumulative counts for each district are not reported in bulletin,
152,DL,Delhi,DL_South East Delhi,South East Delhi,130,130,0,0,0,0,0,0,0,District-wise numbers are out-dated as cumulative counts for each district are not reported in bulletin,
153,DL,Delhi,DL_South West Delhi,South West Delhi,42,42,0,0,0,0,0,0,0,District-wise numbers are out-dated as cumulative counts for each district are not reported in bulletin,
154,DL,Delhi,DL_West Delhi,West Delhi,122,122,0,0,0,0,0,0,0,District-wise numbers are out-dated as cumulative counts for each district are not reported in bulletin,
0,DN,Dadra and Nagar Haveli and Daman and Diu,DN_Other State,Other State,0,0,0,0,0,0,0,0,0,,
141,DN,Dadra and Nagar Haveli and Daman and Diu,DN_Dadra and Nagar Haveli,Dadra and Nagar Haveli,620,170,444,1,5,25,12,13,0,,
142,DN,Dadra and Nagar Haveli and Daman and Diu,DN_Daman,Daman,680,194,483,1,2,11,-9,20,0,,
143,DN,Dadra and Nagar Haveli and Daman and Diu,DN_Diu,Diu,115,42,70,0,3,7,4,3,0,,
0,GA,Goa,GA_Other State,Other State,187,13,174,0,0,0,0,0,0,District-wise numbers are out-dated as cumulative counts for each district are not reported in bulletin,
155,GA,Goa,GA_North Goa,North Goa,1251,729,502,20,0,48,48,0,0,District-wise numbers are out-dated as cumulative counts for each district are not reported in bulletin,
156,GA,Goa,GA_South Goa,South Goa,2235,1353,836,46,0,0,-25,23,2,District-wise numbers are out-dated as cumulative counts for each district are not reported in bulletin,
0,GJ,Gujarat,GJ_Other State,Other State,119,35,83,1,0,0,0,0,0,,
157,GJ,Gujarat,GJ_Ahmedabad,Ahmedabad,27434,3660,22152,1622,0,151,29,117,5,,
158,GJ,Gujarat,GJ_Amreli,Amreli,570,237,324,9,0,20,7,13,0,,
159,GJ,Gujarat,GJ_Anand,Anand,538,50,475,13,0,6,-5,11,0,,
160,GJ,Gujarat,GJ_Aravalli,Aravalli,321,26,271,24,0,1,-3,4,0,,
161,GJ,Gujarat,GJ_Banaskantha,Banaskantha,769,0,752,17,0,2,2,0,0,,
162,GJ,Gujarat,GJ_Bharuch,Bharuch,983,215,757,11,0,19,-8,27,0,,
163,GJ,Gujarat,GJ_Bhavnagar,Bhavnagar,1689,397,1264,28,0,44,3,41,0,,
164,GJ,Gujarat,GJ_Botad,Botad,319,103,211,5,0,12,-1,13,0,,
165,GJ,Gujarat,GJ_Chhota Udaipur,Chhota Udaipur,178,19,157,2,0,1,-7,8,0,,
167,GJ,Gujarat,GJ_Dahod,Dahod,696,506,185,5,0,11,11,0,0,,
187,GJ,Gujarat,GJ_Dang,Dang,27,15,12,0,0,1,1,0,0,,
166,GJ,Gujarat,GJ_Devbhumi Dwarka,Devbhumi Dwarka,73,22,47,4,0,1,-1,2,0,,
168,GJ,Gujarat,GJ_Gandhinagar,Gandhinagar,1653,333,1276,44,0,32,23,9,0,,
169,GJ,Gujarat,GJ_Gir Somnath,Gir Somnath,467,101,362,4,0,15,-65,80,0,,
170,GJ,Gujarat,GJ_Jamnagar,Jamnagar,947,335,595,17,0,28,16,11,1,,
171,GJ,Gujarat,GJ_Junagadh,Junagadh,1078,211,849,18,0,44,28,16,0,,
173,GJ,Gujarat,GJ_Kheda,Kheda,688,109,563,16,0,21,2,19,0,,
172,GJ,Gujarat,GJ_Kutch,Kutch,656,227,409,20,0,27,2,23,2,,
175,GJ,Gujarat,GJ_Mahisagar,Mahisagar,391,179,210,2,0,11,11,0,0,,
174,GJ,Gujarat,GJ_Mehsana,Mehsana,1042,472,547,23,0,34,19,14,1,,
176,GJ,Gujarat,GJ_Morbi,Morbi,362,117,239,6,0,14,7,7,0,,
177,GJ,Gujarat,GJ_Narmada,Narmada,394,79,315,0,0,6,-9,15,0,,
178,GJ,Gujarat,GJ_Navsari,Navsari,626,165,455,6,0,9,-2,11,0,,
179,GJ,Gujarat,GJ_Panchmahal,Panchmahal,601,210,375,16,0,20,-2,22,0,,
180,GJ,Gujarat,GJ_Patan,Patan,651,64,555,32,0,7,-30,37,0,,
181,GJ,Gujarat,GJ_Porbandar,Porbandar,115,67,45,3,0,1,1,0,0,,
182,GJ,Gujarat,GJ_Rajkot,Rajkot,2328,1012,1273,43,0,90,73,12,5,,
183,GJ,Gujarat,GJ_Sabarkantha,Sabarkantha,504,150,346,8,0,14,6,8,0,,
184,GJ,Gujarat,GJ_Surat,Surat,14546,3841,10233,472,0,238,-58,287,9,,
185,GJ,Gujarat,GJ_Surendranagar,Surendranagar,878,374,494,10,0,18,-13,31,0,,
186,GJ,Gujarat,GJ_Tapi,Tapi,172,35,136,1,0,2,1,1,0,,
188,GJ,Gujarat,GJ_Vadodara,Vadodara,5279,1123,4065,91,0,118,76,39,3,,
189,GJ,Gujarat,GJ_Valsad,Valsad,717,219,492,6,0,16,-24,39,1,,
212,HP,Himachal Pradesh,HP_Bilaspur,Bilaspur,134,65,69,0,0,7,4,3,0,,
213,HP,Himachal Pradesh,HP_Chamba,Chamba,137,50,86,0,1,1,0,1,0,One death of COVID-19 positive patient has occured due to non-covid reasons,
214,HP,Himachal Pradesh,HP_Hamirpur,Hamirpur,339,51,285,3,0,21,21,0,0,,
215,HP,Himachal Pradesh,HP_Kangra,Kangra,500,103,391,4,2,4,-13,17,0,Death of Tibetan refugee on March 22 included in Kangra district's tally,
216,HP,Himachal Pradesh,HP_Kinnaur,Kinnaur,46,12,34,0,0,1,1,0,0,,
217,HP,Himachal Pradesh,HP_Kullu,Kullu,86,65,20,0,1,47,45,2,0,,
218,HP,Himachal Pradesh,HP_Lahaul and Spiti,Lahaul and Spiti,4,0,4,0,0,0,0,0,0,,
219,HP,Himachal Pradesh,HP_Mandi,Mandi,227,146,78,3,0,7,-4,11,0,,
220,HP,Himachal Pradesh,HP_Shimla,Shimla,188,71,114,2,1,4,-1,5,0,One death of COVID-19 positive patient has occured due to non-covid reasons,
221,HP,Himachal Pradesh,HP_Sirmaur,Sirmaur,364,89,267,1,7,9,-25,34,0,,
222,HP,Himachal Pradesh,HP_Solan,Solan,758,401,344,0,13,16,-9,25,0,,
223,HP,Himachal Pradesh,HP_Una,Una,264,91,173,0,0,14,9,5,0,,
0,HR,Haryana,HR_Foreign Evacuees,Foreign Evacuees,0,0,0,0,0,0,0,0,0,,
190,HR,Haryana,HR_Ambala,Ambala,1888,343,1527,18,0,78,45,32,1,,
191,HR,Haryana,HR_Bhiwani,Bhiwani,823,50,767,6,0,15,10,5,0,,
192,HR,Haryana,HR_Charkhi Dadri,Charkhi Dadri,179,71,107,1,0,2,2,0,0,,
193,HR,Haryana,HR_Faridabad,Faridabad,9671,910,8622,139,0,161,-58,217,2,,
194,HR,Haryana,HR_Fatehabad,Fatehabad,396,140,253,3,0,0,0,0,0,,
195,HR,Haryana,HR_Gurugram,Gurugram,9495,716,8654,125,0,83,-8,91,0,,
196,HR,Haryana,HR_Hisar,Hisar,1065,288,767,10,0,36,4,32,0,,
0,HR,Haryana,HR_Italians,Italians,0,0,0,0,0,0,0,0,0,,
197,HR,Haryana,HR_Jhajjar,Jhajjar,887,80,795,12,0,14,-3,17,0,,
198,HR,Haryana,HR_Jind,Jind,335,139,191,5,0,2,2,0,0,,
199,HR,Haryana,HR_Kaithal,Kaithal,316,96,220,0,0,10,10,0,0,,
200,HR,Haryana,HR_Karnal,Karnal,1189,279,898,12,0,34,6,28,0,,
201,HR,Haryana,HR_Kurukshetra,Kurukshetra,598,234,356,8,0,36,18,18,0,,
202,HR,Haryana,HR_Mahendragarh,Mahendragarh,872,160,711,1,0,5,-21,26,0,,
203,HR,Haryana,HR_Nuh,Nuh,573,52,509,12,0,6,1,5,0,,
204,HR,Haryana,HR_Palwal,Palwal,1016,160,847,9,0,0,-11,11,0,,
205,HR,Haryana,HR_Panchkula,Panchkula,816,357,456,3,0,54,8,46,0,,
206,HR,Haryana,HR_Panipat,Panipat,1398,516,863,19,0,22,7,15,0,,
207,HR,Haryana,HR_Rewari,Rewari,1997,460,1529,8,0,48,48,0,0,,
208,HR,Haryana,HR_Rohtak,Rohtak,1800,454,1322,24,0,60,-4,64,0,,
209,HR,Haryana,HR_Sirsa,Sirsa,492,210,275,7,0,14,11,3,0,,
210,HR,Haryana,HR_Sonipat,Sonipat,3096,319,2744,33,0,51,18,33,0,,
211,HR,Haryana,HR_Yamunanagar,Yamunanagar,401,171,227,3,0,24,-13,37,0,,
246,JH,Jharkhand,JH_Bokaro,Bokaro,382,213,167,2,0,12,0,12,0,,
247,JH,Jharkhand,JH_Chatra,Chatra,384,197,186,1,0,0,-19,19,0,,
248,JH,Jharkhand,JH_Deoghar,Deoghar,579,421,156,2,0,35,34,1,0,,
249,JH,Jharkhand,JH_Dhanbad,Dhanbad,825,320,491,14,0,78,-212,290,0,,
250,JH,Jharkhand,JH_Dumka,Dumka,181,122,59,0,0,0,-3,3,0,,
264,JH,Jharkhand,JH_East Singhbhum,East Singhbhum,2587,1730,805,52,0,95,26,62,7,,
251,JH,Jharkhand,JH_Garhwa,Garhwa,534,309,222,3,0,9,4,4,1,,
252,JH,Jharkhand,JH_Giridih,Giridih,640,116,519,5,0,0,0,0,0,,
253,JH,Jharkhand,JH_Godda,Godda,561,418,141,2,0,14,-3,17,0,,
254,JH,Jharkhand,JH_Gumla,Gumla,400,287,112,1,0,5,1,4,0,,
255,JH,Jharkhand,JH_Hazaribagh,Hazaribagh,808,414,383,11,0,20,2,18,0,,
256,JH,Jharkhand,JH_Jamtara,Jamtara,148,71,77,0,0,3,-5,8,0,,
257,JH,Jharkhand,JH_Khunti,Khunti,292,237,53,2,0,31,30,1,0,,
258,JH,Jharkhand,JH_Koderma,Koderma,682,329,348,5,0,2,-30,32,0,,
259,JH,Jharkhand,JH_Latehar,Latehar,384,277,107,0,0,35,35,0,0,,
260,JH,Jharkhand,JH_Lohardaga,Lohardaga,282,76,204,2,0,7,-10,17,0,,
261,JH,Jharkhand,JH_Pakur,Pakur,314,213,101,0,0,0,0,0,0,,
262,JH,Jharkhand,JH_Palamu,Palamu,613,327,285,1,0,30,27,3,0,,
265,JH,Jharkhand,JH_Ramgarh,Ramgarh,517,185,329,3,0,24,-96,120,0,,
266,JH,Jharkhand,JH_Ranchi,Ranchi,2991,1976,987,28,0,267,163,104,0,,
267,JH,Jharkhand,JH_Sahibganj,Sahibganj,275,205,67,3,0,5,3,1,1,,
268,JH,Jharkhand,JH_Saraikela-Kharsawan,Saraikela-Kharsawan,354,203,147,4,0,28,23,5,0,,
269,JH,Jharkhand,JH_Simdega,Simdega,580,153,426,1,0,6,5,1,0,,
263,JH,Jharkhand,JH_West Singhbhum,West Singhbhum,443,218,222,3,0,2,-44,46,0,,
224,JK,Jammu and Kashmir,JK_Anantnag,Anantnag,1490,309,1153,28,0,73,49,24,0,,
226,JK,Jammu and Kashmir,JK_Bandipora,Bandipora,914,345,553,16,0,49,35,14,0,,
227,JK,Jammu and Kashmir,JK_Baramulla,Baramulla,2041,410,1558,73,0,44,17,27,0,,
225,JK,Jammu and Kashmir,JK_Budgam,Budgam,1438,455,950,33,0,52,2,50,0,,
228,JK,Jammu and Kashmir,JK_Doda,Doda,299,79,218,2,0,0,0,0,0,,
229,JK,Jammu and Kashmir,JK_Ganderbal,Ganderbal,603,262,334,7,0,43,40,3,0,,
230,JK,Jammu and Kashmir,JK_Jammu,Jammu,1412,655,734,23,0,51,29,20,2,,
231,JK,Jammu and Kashmir,JK_Kathua,Kathua,565,109,455,1,0,6,-22,28,0,,
232,JK,Jammu and Kashmir,JK_Kishtwar,Kishtwar,159,49,110,0,0,2,-4,6,0,,
233,JK,Jammu and Kashmir,JK_Kulgam,Kulgam,1572,166,1377,29,0,20,-20,40,0,,
234,JK,Jammu and Kashmir,JK_Kupwara,Kupwara,1181,203,957,21,0,18,18,0,0,,
235,JK,Jammu and Kashmir,JK_Mirpur,Mirpur,0,0,0,0,0,0,0,0,0,,
236,JK,Jammu and Kashmir,JK_Muzaffarabad,Muzaffarabad,0,0,0,0,0,0,0,0,0,,
237,JK,Jammu and Kashmir,JK_Pulwama,Pulwama,1743,722,994,27,0,10,-36,43,3,,
238,JK,Jammu and Kashmir,JK_Punch,Punch,252,90,161,1,0,1,-5,6,0,,
239,JK,Jammu and Kashmir,JK_Rajouri,Rajouri,751,260,488,3,0,5,1,3,1,,
240,JK,Jammu and Kashmir,JK_Ramban,Ramban,575,128,446,1,0,1,-3,4,0,,
241,JK,Jammu and Kashmir,JK_Reasi,Reasi,198,127,71,0,0,0,-11,11,0,,
242,JK,Jammu and Kashmir,JK_Samba,Samba,467,170,296,1,0,5,-4,9,0,,
243,JK,Jammu and Kashmir,JK_Shopiyan,Shopiyan,1500,193,1283,24,0,8,-20,27,1,,
244,JK,Jammu and Kashmir,JK_Srinagar,Srinagar,5699,2375,3180,144,0,109,-25,131,3,,
245,JK,Jammu and Kashmir,JK_Udhampur,Udhampur,595,203,390,2,0,2,-16,18,0,,
270,KA,Karnataka,KA_Bagalkote,Bagalkote,2614,1429,1134,51,0,168,134,33,1,,
271,KA,Karnataka,KA_Ballari,Ballari,8700,4313,4299,88,0,431,4,423,4,,
272,KA,Karnataka,KA_Belagavi,Belagavi,4466,3197,1178,91,0,229,184,44,1,,
274,KA,Karnataka,KA_Bengaluru Rural,Bengaluru Rural,2615,1829,776,10,0,34,2,32,0,,
273,KA,Karnataka,KA_Bengaluru Urban,Bengaluru Urban,67425,32314,33932,1178,1,2544,-443,2972,15,,
275,KA,Karnataka,KA_Bidar,Bidar,2712,816,1803,90,3,98,-2,97,3,,
276,KA,Karnataka,KA_Chamarajanagara,Chamarajanagara,985,405,566,14,0,95,73,21,1,,
277,KA,Karnataka,KA_Chikkaballapura,Chikkaballapura,2370,964,1364,41,1,117,102,14,1,,
278,KA,Karnataka,KA_Chikkamagaluru,Chikkamagaluru,1306,716,565,25,0,59,29,30,0,,
279,KA,Karnataka,KA_Chitradurga,Chitradurga,885,422,451,12,0,58,-14,72,0,,
280,KA,Karnataka,KA_Dakshina Kannada,Dakshina Kannada,6710,3402,3107,199,2,173,55,107,11,,
281,KA,Karnataka,KA_Davanagere,Davanagere,3040,1122,1842,76,0,197,92,97,8,,
282,KA,Karnataka,KA_Dharwad,Dharwad,5246,2228,2846,172,0,212,-137,341,8,,
283,KA,Karnataka,KA_Gadag,Gadag,1966,1029,893,43,1,124,-30,152,2,,
284,KA,Karnataka,KA_Hassan,Hassan,3037,1801,1160,76,0,158,139,15,4,,
285,KA,Karnataka,KA_Haveri,Haveri,1580,731,818,31,0,64,-48,111,1,,
286,KA,Karnataka,KA_Kalaburagi,Kalaburagi,6615,2440,4053,122,0,196,-39,230,5,,
287,KA,Karnataka,KA_Kodagu,Kodagu,601,228,363,10,0,51,27,24,0,,
288,KA,Karnataka,KA_Kolar,Kolar,1657,813,811,33,0,107,29,74,4,,
289,KA,Karnataka,KA_Koppal,Koppal,1878,1007,844,27,0,132,59,73,0,,
290,KA,Karnataka,KA_Mandya,Mandya,2292,1026,1246,20,0,134,70,63,1,,
291,KA,Karnataka,KA_Mysuru,Mysuru,6476,3784,2494,198,0,361,205,152,4,,
0,KA,Karnataka,KA_Other State,Other State,36,0,33,3,0,0,0,0,0,,
292,KA,Karnataka,KA_Raichur,Raichur,3125,1037,2053,34,1,181,117,62,2,,
293,KA,Karnataka,KA_Ramanagara,Ramanagara,1389,688,690,11,0,41,29,12,0,,
294,KA,Karnataka,KA_Shivamogga,Shivamogga,2438,1475,915,48,0,292,190,99,3,,
295,KA,Karnataka,KA_Tumakuru,Tumakuru,2133,1128,940,65,0,160,142,13,5,,
296,KA,Karnataka,KA_Udupi,Udupi,5359,2251,3058,50,0,217,131,80,6,,
297,KA,Karnataka,KA_Uttara Kannada,Uttara Kannada,2479,794,1659,26,0,77,4,72,1,,
298,KA,Karnataka,KA_Vijayapura,Vijayapura,3419,983,2396,40,0,58,-5,62,1,,
299,KA,Karnataka,KA_Yadgir,Yadgir,2700,695,1992,13,0,37,11,25,1,,
0,KL,Kerala,KL_Other State,Other State,0,0,0,0,0,0,0,0,0,,
300,KL,Kerala,KL_Alappuzha,Alappuzha,2263,955,1296,6,6,99,69,30,0,,
301,KL,Kerala,KL_Ernakulam,Ernakulam,2486,1083,1384,14,5,73,-73,146,0,,
302,KL,Kerala,KL_Idukki,Idukki,982,324,655,2,1,58,38,20,0,,
303,KL,Kerala,KL_Kannur,Kannur,1574,367,1197,9,1,33,15,18,0,,
304,KL,Kerala,KL_Kasaragod,Kasaragod,2347,1040,1296,9,2,153,90,61,2,,
305,KL,Kerala,KL_Kollam,Kollam,1998,556,1434,7,1,31,-18,49,0,,
306,KL,Kerala,KL_Kottayam,Kottayam,1463,461,1001,1,0,40,-14,54,0,,
307,KL,Kerala,KL_Kozhikode,Kozhikode,1952,894,1045,12,1,174,158,16,0,,
308,KL,Kerala,KL_Malappuram,Malappuram,2838,1107,1720,8,3,129,15,114,0,,
309,KL,Kerala,KL_Palakkad,Palakkad,2082,550,1528,2,2,136,95,41,0,,
310,KL,Kerala,KL_Pathanamthitta,Pathanamthitta,1690,471,1216,1,2,33,-13,46,0,,
311,KL,Kerala,KL_Thiruvananthapuram,Thiruvananthapuram,6068,3150,2890,17,11,219,81,137,1,,
312,KL,Kerala,KL_Thrissur,Thrissur,1908,639,1260,9,0,74,26,48,0,,
313,KL,Kerala,KL_Wayanad,Wayanad,798,386,411,1,0,46,26,20,0,,
314,LA,Ladakh,LA_Kargil,Kargil,854,124,727,3,0,0,0,0,0,,
315,LA,Ladakh,LA_Leh,Leh,741,287,450,4,0,3,-10,13,0,,
316,LD,Lakshadweep,LD_Lakshadweep,Lakshadweep,0,0,0,0,0,0,0,0,0,,
369,MH,Maharashtra,MH_Ahmednagar,Ahmednagar,7440,3260,4094,86,0,533,264,264,5,,
370,MH,Maharashtra,MH_Akola,Akola,2815,515,2172,127,1,74,-3,76,1,,
371,MH,Maharashtra,MH_Amravati,Amravati,2557,815,1665,77,0,141,123,11,7,,
372,MH,Maharashtra,MH_Aurangabad,Aurangabad,15218,4545,10143,530,0,271,-129,393,7,,
374,MH,Maharashtra,MH_Beed,Beed,1187,783,379,25,0,109,57,52,0,,
373,MH,Maharashtra,MH_Bhandara,Bhandara,318,90,226,2,0,53,31,22,0,,
375,MH,Maharashtra,MH_Buldhana,Buldhana,1663,693,924,46,0,82,25,54,3,,
376,MH,Maharashtra,MH_Chandrapur,Chandrapur,642,321,320,1,0,69,47,22,0,,
377,MH,Maharashtra,MH_Dhule,Dhule,3470,1098,2255,115,2,186,121,63,2,,
378,MH,Maharashtra,MH_Gadchiroli,Gadchiroli,360,100,259,1,0,13,13,0,0,,
379,MH,Maharashtra,MH_Gondia,Gondia,467,213,251,3,0,23,19,4,0,,
380,MH,Maharashtra,MH_Hingoli,Hingoli,689,223,451,15,0,14,10,4,0,,
381,MH,Maharashtra,MH_Jalgaon,Jalgaon,13031,3505,8951,575,0,480,111,356,13,,
382,MH,Maharashtra,MH_Jalna,Jalna,2087,455,1553,79,0,66,46,20,0,,
383,MH,Maharashtra,MH_Kolhapur,Kolhapur,7651,4644,2817,190,0,564,465,86,13,,
384,MH,Maharashtra,MH_Latur,Latur,2962,1448,1386,128,0,212,118,88,6,,
385,MH,Maharashtra,MH_Mumbai,Mumbai,120150,20546,92659,6648,297,910,-133,986,57,,
386,MH,Maharashtra,MH_Mumbai Suburban,Mumbai Suburban,0,0,0,0,0,0,0,0,0,,
387,MH,Maharashtra,MH_Nagpur,Nagpur,6950,4588,2192,169,1,538,503,17,18,,
388,MH,Maharashtra,MH_Nanded,Nanded,2618,1578,944,96,0,115,89,21,5,,
389,MH,Maharashtra,MH_Nandurbar,Nandurbar,727,202,482,43,0,49,31,17,1,,
390,MH,Maharashtra,MH_Nashik,Nashik,18054,6037,11496,521,0,815,194,608,13,,
391,MH,Maharashtra,MH_Osmanabad,Osmanabad,1729,1015,655,59,0,116,50,66,0,,
0,MH,Maharashtra,MH_Other State,Other State,471,418,0,53,0,15,15,0,0,,
392,MH,Maharashtra,MH_Palghar,Palghar,17378,6309,10683,386,0,262,76,176,10,,
393,MH,Maharashtra,MH_Parbhani,Parbhani,817,371,414,32,0,32,3,22,7,,
394,MH,Maharashtra,MH_Pune,Pune,104353,41000,60857,2496,0,3091,1615,1414,62,,
395,MH,Maharashtra,MH_Raigad,Raigad,18875,4580,13835,458,2,429,-109,533,5,,
396,MH,Maharashtra,MH_Ratnagiri,Ratnagiri,1995,607,1319,69,0,57,21,35,1,,
397,MH,Maharashtra,MH_Sangli,Sangli,3934,2383,1445,106,0,329,212,112,5,,
398,MH,Maharashtra,MH_Satara,Satara,5014,1858,2998,157,1,205,-14,217,2,,
399,MH,Maharashtra,MH_Sindhudurg,Sindhudurg,433,116,310,7,0,5,-7,12,0,,
400,MH,Maharashtra,MH_Solapur,Solapur,10565,4141,5867,556,1,272,-125,382,15,,
401,MH,Maharashtra,MH_Thane,Thane,100875,27012,70983,2879,1,1312,-3394,4650,56,,
402,MH,Maharashtra,MH_Wardha,Wardha,252,89,154,8,1,5,3,2,0,,
403,MH,Maharashtra,MH_Washim,Washim,780,273,490,17,0,23,-4,27,0,,
404,MH,Maharashtra,MH_Yavatmal,Yavatmal,1252,474,746,32,0,44,0,42,2,,
421,ML,Meghalaya,ML_East Garo Hills,East Garo Hills,1,0,1,0,0,0,0,0,0,,
422,ML,Meghalaya,ML_East Jaintia Hills,East Jaintia Hills,19,17,2,0,0,0,0,0,0,,
423,ML,Meghalaya,ML_East Khasi Hills,East Khasi Hills,753,498,253,2,0,17,11,6,0,,
424,ML,Meghalaya,ML_North Garo Hills,North Garo Hills,2,0,2,0,0,0,0,0,0,,
425,ML,Meghalaya,ML_Ribhoi,Ribhoi,121,70,48,3,0,19,19,0,0,,
426,ML,Meghalaya,ML_South Garo Hills,South Garo Hills,5,2,3,0,0,0,0,0,0,,
427,ML,Meghalaya,ML_South West Garo Hills,South West Garo Hills,10,2,8,0,0,0,0,0,0,,
428,ML,Meghalaya,ML_South West Khasi Hills,South West Khasi Hills,0,0,0,0,0,0,0,0,0,,
429,ML,Meghalaya,ML_West Garo Hills,West Garo Hills,44,29,15,0,0,14,14,0,0,,
430,ML,Meghalaya,ML_West Jaintia Hills,West Jaintia Hills,23,17,6,0,0,1,1,0,0,,
431,ML,Meghalaya,ML_West Khasi Hills,West Khasi Hills,12,5,7,0,0,0,0,0,0,,
0,MN,Manipur,MN_CAPF Personnel,CAPF Personnel,175,175,0,0,0,9,9,0,0,,
405,MN,Manipur,MN_Bishnupur,Bishnupur,97,38,58,1,0,3,2,0,1,,
406,MN,Manipur,MN_Chandel,Chandel,47,41,4,2,0,0,0,0,0,,
407,MN,Manipur,MN_Churachandpur,Churachandpur,309,251,58,0,0,7,7,0,0,,
408,MN,Manipur,MN_Imphal East,Imphal East,169,153,16,0,0,10,10,0,0,,
409,MN,Manipur,MN_Imphal West,Imphal West,496,443,52,1,0,38,38,0,0,,
410,MN,Manipur,MN_Jiribam,Jiribam,113,111,2,0,0,0,0,0,0,,
411,MN,Manipur,MN_Kakching,Kakching,160,133,27,0,0,6,6,0,0,,
412,MN,Manipur,MN_Kamjong,Kamjong,143,126,17,0,0,4,4,0,0,,
413,MN,Manipur,MN_Kangpokpi,Kangpokpi,306,286,19,1,0,12,12,0,0,,
414,MN,Manipur,MN_Noney,Noney,25,7,18,0,0,0,0,0,0,,
415,MN,Manipur,MN_Pherzawl,Pherzawl,32,17,15,0,0,0,0,0,0,,
416,MN,Manipur,MN_Senapati,Senapati,243,222,21,0,0,0,0,0,0,,
417,MN,Manipur,MN_Tamenglong,Tamenglong,231,199,32,0,0,0,0,0,0,,
418,MN,Manipur,MN_Tengnoupal,Tengnoupal,20,7,13,0,0,0,0,0,0,,
419,MN,Manipur,MN_Thoubal,Thoubal,358,332,23,3,0,35,35,0,0,,
420,MN,Manipur,MN_Ukhrul,Ukhrul,265,247,18,0,0,0,0,0,0,,
317,MP,Madhya Pradesh,MP_Agar Malwa,Agar Malwa,101,23,74,4,0,5,5,0,0,,
318,MP,Madhya Pradesh,MP_Alirajpur,Alirajpur,186,71,114,1,0,5,-4,9,0,,
319,MP,Madhya Pradesh,MP_Anuppur,Anuppur,75,6,69,0,0,0,0,0,0,,
320,MP,Madhya Pradesh,MP_Ashoknagar,Ashoknagar,103,19,81,3,0,4,4,0,0,,
321,MP,Madhya Pradesh,MP_Balaghat,Balaghat,149,35,114,0,0,0,-8,8,0,,
322,MP,Madhya Pradesh,MP_Barwani,Barwani,829,343,478,8,0,27,2,24,1,,
323,MP,Madhya Pradesh,MP_Betul,Betul,278,72,203,3,0,4,1,3,0,,
324,MP,Madhya Pradesh,MP_Bhind,Bhind,496,62,433,1,0,17,17,0,0,,
325,MP,Madhya Pradesh,MP_Bhopal,Bhopal,7270,1946,5123,201,0,155,-314,465,4,,
326,MP,Madhya Pradesh,MP_Burhanpur,Burhanpur,489,20,444,25,0,1,-1,2,0,,
327,MP,Madhya Pradesh,MP_Chhatarpur,Chhatarpur,376,47,321,8,0,7,-12,19,0,,
328,MP,Madhya Pradesh,MP_Chhindwara,Chhindwara,202,76,124,2,0,0,-10,10,0,,
329,MP,Madhya Pradesh,MP_Damoh,Damoh,274,124,146,4,0,22,7,15,0,,
330,MP,Madhya Pradesh,MP_Datia,Datia,239,32,203,4,0,6,6,0,0,,
331,MP,Madhya Pradesh,MP_Dewas,Dewas,453,42,401,10,0,2,-2,4,0,,
332,MP,Madhya Pradesh,MP_Dhar,Dhar,474,120,344,10,0,19,14,5,0,,
333,MP,Madhya Pradesh,MP_Dindori,Dindori,55,18,37,0,0,2,2,0,0,,
335,MP,Madhya Pradesh,MP_Guna,Guna,89,29,56,4,0,0,0,0,0,,
336,MP,Madhya Pradesh,MP_Gwalior,Gwalior,2748,720,2014,14,0,89,29,59,1,,
337,MP,Madhya Pradesh,MP_Harda,Harda,221,28,187,6,0,1,-4,5,0,,
338,MP,Madhya Pradesh,MP_Hoshangabad,Hoshangabad,287,129,149,9,0,19,12,6,1,,
339,MP,Madhya Pradesh,MP_Indore,Indore,8014,1960,5729,325,0,157,109,45,3,,
340,MP,Madhya Pradesh,MP_Jabalpur,Jabalpur,1641,511,1097,33,0,77,66,11,0,,
341,MP,Madhya Pradesh,MP_Jhabua,Jhabua,183,71,108,4,0,18,17,0,1,,
342,MP,Madhya Pradesh,MP_Katni,Katni,187,48,135,4,0,13,-6,19,0,,
334,MP,Madhya Pradesh,MP_Khandwa,Khandwa,688,95,574,19,0,8,7,1,0,,
368,MP,Madhya Pradesh,MP_Khargone,Khargone,856,189,649,18,0,28,23,5,0,,
343,MP,Madhya Pradesh,MP_Mandla,Mandla,45,25,19,1,0,2,2,0,0,,
344,MP,Madhya Pradesh,MP_Mandsaur,Mandsaur,469,74,384,11,0,9,9,0,0,,
345,MP,Madhya Pradesh,MP_Morena,Morena,1694,150,1535,9,0,4,-9,13,0,,
346,MP,Madhya Pradesh,MP_Narsinghpur,Narsinghpur,212,68,143,1,0,5,3,2,0,,
347,MP,Madhya Pradesh,MP_Neemuch,Neemuch,793,135,649,9,0,1,-2,3,0,,
348,MP,Madhya Pradesh,MP_Niwari,Niwari,56,21,35,0,0,3,3,0,0,,
0,MP,Madhya Pradesh,MP_Other Region,Other Region,0,0,0,0,0,0,0,0,0,,
349,MP,Madhya Pradesh,MP_Panna,Panna,111,21,90,0,0,5,4,1,0,,
350,MP,Madhya Pradesh,MP_Raisen,Raisen,389,70,311,8,0,11,4,7,0,,
351,MP,Madhya Pradesh,MP_Rajgarh,Rajgarh,389,148,231,10,0,0,-8,8,0,,
352,MP,Madhya Pradesh,MP_Ratlam,Ratlam,498,90,395,13,0,9,4,4,1,,
353,MP,Madhya Pradesh,MP_Rewa,Rewa,402,185,210,7,0,14,1,11,2,,
354,MP,Madhya Pradesh,MP_Sagar,Sagar,736,133,568,35,0,9,1,8,0,,
355,MP,Madhya Pradesh,MP_Satna,Satna,214,66,139,9,0,10,-1,10,1,,
356,MP,Madhya Pradesh,MP_Sehore,Sehore,322,125,186,11,0,7,5,2,0,,
357,MP,Madhya Pradesh,MP_Seoni,Seoni,52,14,37,1,0,0,-1,1,0,,
358,MP,Madhya Pradesh,MP_Shahdol,Shahdol,89,30,59,0,0,2,2,0,0,,
359,MP,Madhya Pradesh,MP_Shajapur,Shajapur,306,36,265,5,0,5,-7,12,0,,
360,MP,Madhya Pradesh,MP_Sheopur,Sheopur,253,36,215,2,0,2,1,1,0,,
361,MP,Madhya Pradesh,MP_Shivpuri,Shivpuri,346,69,274,3,0,4,-2,6,0,,
362,MP,Madhya Pradesh,MP_Sidhi,Sidhi,114,44,69,1,0,6,2,4,0,,
363,MP,Madhya Pradesh,MP_Singrauli,Singrauli,128,68,58,2,0,14,13,1,0,,
364,MP,Madhya Pradesh,MP_Tikamgarh,Tikamgarh,322,23,290,9,0,3,-4,6,1,,
365,MP,Madhya Pradesh,MP_Ujjain,Ujjain,1251,153,1024,74,0,13,-5,18,0,,
366,MP,Madhya Pradesh,MP_Umaria,Umaria,46,10,34,2,0,0,0,0,0,,
367,MP,Madhya Pradesh,MP_Vidisha,Vidisha,364,86,275,3,0,6,0,5,1,,
432,MZ,Mizoram,MZ_Aizawl,Aizawl,327,201,126,0,0,28,27,1,0,,
433,MZ,Mizoram,MZ_Champhai,Champhai,15,3,12,0,0,2,2,0,0,,
729,MZ,Mizoram,MZ_Hnahthial,Hnahthial,1,1,0,0,0,0,0,0,0,,
730,MZ,Mizoram,MZ_Khawzawl,Khawzawl,3,0,3,0,0,0,0,0,0,,
434,MZ,Mizoram,MZ_Kolasib,Kolasib,15,2,12,0,1,1,1,0,0,,
435,MZ,Mizoram,MZ_Lawngtlai,Lawngtlai,23,2,21,0,0,0,-1,1,0,,
436,MZ,Mizoram,MZ_Lunglei,Lunglei,93,36,57,0,0,1,1,0,0,,
437,MZ,Mizoram,MZ_Mamit,Mamit,21,0,21,0,0,0,0,0,0,,
438,MZ,Mizoram,MZ_Saiha,Saiha,26,0,26,0,0,0,0,0,0,,
728,MZ,Mizoram,MZ_Saitual,Saitual,4,1,3,0,0,1,1,0,0,,
439,MZ,Mizoram,MZ_Serchhip,Serchhip,10,3,7,0,0,0,0,0,0,,
0,NL,Nagaland,NL_Others,Others,46,0,46,0,0,0,0,0,0,,
440,NL,Nagaland,NL_Dimapur,Dimapur,1250,1089,153,6,2,58,-30,88,0,,
441,NL,Nagaland,NL_Kiphire,Kiphire,4,0,4,0,0,0,0,0,0,,
442,NL,Nagaland,NL_Kohima,Kohima,489,405,83,0,1,27,17,10,0,,
443,NL,Nagaland,NL_Longleng,Longleng,5,0,5,0,0,0,0,0,0,,
444,NL,Nagaland,NL_Mokokchung,Mokokchung,18,7,11,0,0,0,-2,2,0,,
445,NL,Nagaland,NL_Mon,Mon,263,164,99,0,0,-5,-35,30,0,,
446,NL,Nagaland,NL_Peren,Peren,331,3,328,0,0,0,0,0,0,,
447,NL,Nagaland,NL_Phek,Phek,32,14,18,0,0,2,2,0,0,,
448,NL,Nagaland,NL_Tuensang,Tuensang,51,1,50,0,0,0,-3,3,0,,
449,NL,Nagaland,NL_Wokha,Wokha,23,12,11,0,0,0,0,0,0,,
450,NL,Nagaland,NL_Zunheboto,Zunheboto,68,57,11,0,0,0,-1,1,0,,
0,OR,Odisha,OR_Others,Others,0,0,0,0,0,0,0,0,0,,
451,OR,Odisha,OR_Angul,Angul,402,131,269,2,0,17,12,5,0,,
452,OR,Odisha,OR_Balangir,Balangir,551,167,384,0,0,21,-1,22,0,,
453,OR,Odisha,OR_Balasore,Balasore,1176,289,881,6,0,17,-8,25,0,,
454,OR,Odisha,OR_Bargarh,Bargarh,568,197,370,1,0,81,74,7,0,,
456,OR,Odisha,OR_Bhadrak,Bhadrak,804,207,590,7,0,66,50,15,1,,
455,OR,Odisha,OR_Boudh,Boudh,162,30,132,0,0,8,6,2,0,,
457,OR,Odisha,OR_Cuttack,Cuttack,2731,948,1768,15,0,105,61,44,0,,
458,OR,Odisha,OR_Deogarh,Deogarh,96,13,83,0,0,0,0,0,0,,
459,OR,Odisha,OR_Dhenkanal,Dhenkanal,452,251,201,0,0,27,21,6,0,,
460,OR,Odisha,OR_Gajapati,Gajapati,1834,656,1163,15,0,59,55,4,0,,
461,OR,Odisha,OR_Ganjam,Ganjam,12080,3041,8911,128,0,268,-26,290,4,,
462,OR,Odisha,OR_Jagatsinghpur,Jagatsinghpur,821,147,672,2,0,16,5,11,0,,
463,OR,Odisha,OR_Jajpur,Jajpur,1467,267,1196,4,0,41,-6,47,0,,
464,OR,Odisha,OR_Jharsuguda,Jharsuguda,353,51,301,1,0,10,6,4,0,,
465,OR,Odisha,OR_Kalahandi,Kalahandi,349,200,147,2,0,30,5,25,0,,
466,OR,Odisha,OR_Kandhamal,Kandhamal,772,327,442,3,0,74,59,14,1,,
467,OR,Odisha,OR_Kendrapara,Kendrapara,601,145,453,3,0,27,16,11,0,,
468,OR,Odisha,OR_Kendujhar,Kendujhar,992,266,722,4,0,56,22,33,1,,
469,OR,Odisha,OR_Khordha,Khordha,5531,2877,2615,39,0,220,23,197,0,,
470,OR,Odisha,OR_Koraput,Koraput,1047,545,502,0,0,41,-4,45,0,,
471,OR,Odisha,OR_Malkangiri,Malkangiri,773,357,411,5,0,72,62,10,0,,
472,OR,Odisha,OR_Mayurbhanj,Mayurbhanj,788,207,579,2,0,24,0,24,0,,
473,OR,Odisha,OR_Nabarangapur,Nabarangapur,331,77,252,2,0,16,14,1,1,,
474,OR,Odisha,OR_Nayagarh,Nayagarh,802,271,525,6,0,25,-11,35,1,,
475,OR,Odisha,OR_Nuapada,Nuapada,161,36,125,0,0,3,-5,8,0,,
476,OR,Odisha,OR_Puri,Puri,1059,371,682,6,0,67,27,40,0,,
477,OR,Odisha,OR_Rayagada,Rayagada,1173,362,801,10,0,19,-102,121,0,,
478,OR,Odisha,OR_Sambalpur,Sambalpur,836,471,364,1,0,101,78,23,0,,
479,OR,Odisha,OR_Subarnapur,Subarnapur,123,34,89,0,0,10,5,5,0,,
480,OR,Odisha,OR_Sundargarh,Sundargarh,1882,608,1258,16,0,178,100,76,2,,
485,PB,Punjab,PB_Amritsar,Amritsar,2137,474,1576,87,0,60,-26,85,1,,
486,PB,Punjab,PB_Barnala,Barnala,384,272,105,7,0,33,21,12,0,,
487,PB,Punjab,PB_Bathinda,Bathinda,711,396,307,8,0,150,150,0,0,,
488,PB,Punjab,PB_Faridkot,Faridkot,354,76,277,1,0,22,22,0,0,,
489,PB,Punjab,PB_Fatehgarh Sahib,Fatehgarh Sahib,424,106,315,3,0,17,-6,23,0,,
490,PB,Punjab,PB_Fazilka,Fazilka,343,89,253,1,0,7,6,1,0,,
491,PB,Punjab,PB_Ferozepur,Ferozepur,617,347,262,8,0,33,27,5,1,,
492,PB,Punjab,PB_Gurdaspur,Gurdaspur,723,199,501,23,0,54,12,41,1,,
493,PB,Punjab,PB_Hoshiarpur,Hoshiarpur,586,51,520,15,0,11,11,0,0,,
494,PB,Punjab,PB_Jalandhar,Jalandhar,2845,978,1796,71,0,100,93,0,7,,
495,PB,Punjab,PB_Kapurthala,Kapurthala,354,151,191,12,0,6,6,0,0,,
496,PB,Punjab,PB_Ludhiana,Ludhiana,4426,1461,2821,144,0,190,-184,361,13,,
497,PB,Punjab,PB_Mansa,Mansa,165,63,101,1,0,6,1,5,0,,
498,PB,Punjab,PB_Moga,Moga,515,227,283,5,0,46,34,12,0,,
499,PB,Punjab,PB_Pathankot,Pathankot,485,149,323,13,0,11,3,8,0,,
500,PB,Punjab,PB_Patiala,Patiala,2258,730,1484,44,0,136,28,107,1,,
501,PB,Punjab,PB_Rupnagar,Rupnagar,286,53,228,5,0,3,3,0,0,,
502,PB,Punjab,PB_S.A.S. Nagar,S.A.S. Nagar,1080,471,592,17,0,104,88,16,0,,
503,PB,Punjab,PB_Sangrur,Sangrur,1194,193,968,33,0,14,-18,31,1,,
504,PB,Punjab,PB_Shahid Bhagat Singh Nagar,Shahid Bhagat Singh Nagar,324,40,280,4,0,3,3,0,0,,
505,PB,Punjab,PB_Sri Muktsar Sahib,Sri Muktsar Sahib,266,36,228,2,0,15,6,9,0,,
506,PB,Punjab,PB_Tarn Taran,Tarn Taran,414,153,248,13,0,14,13,0,1,,
481,PY,Puducherry,PY_Karaikal,Karaikal,249,97,150,2,0,19,19,0,0,"1 case of TN has been transferred,so has been reduced from the total count.",
482,PY,Puducherry,PY_Mahe,Mahe,27,4,23,0,0,0,0,0,0,"1 cases of KL have been transferred,so have been reduced from the total count",
483,PY,Puducherry,PY_Puducherry,Puducherry,4003,1476,2465,62,0,168,69,94,5,"49 cases(42 of TN, 1 of AP and 4 other) have been transferred,so have been reduced from the total count.[July 18]4 cases have transferred to TN and have been reduced from recovered cases.",
484,PY,Puducherry,PY_Yanam,Yanam,342,166,170,6,0,1,-45,46,0,"2 cases of AP have been transferred,so have been reduced from the total count",
507,RJ,Rajasthan,RJ_Ajmer,Ajmer,2305,533,1717,55,0,67,32,35,0,,
508,RJ,Rajasthan,RJ_Alwar,Alwar,4843,2558,2264,21,0,204,-66,270,0,,
509,RJ,Rajasthan,RJ_Banswara,Banswara,240,84,154,2,0,17,7,10,0,,
510,RJ,Rajasthan,RJ_Baran,Baran,227,115,107,5,0,1,1,0,0,,
511,RJ,Rajasthan,RJ_Barmer,Barmer,1618,364,1242,12,0,0,-422,422,0,,
512,RJ,Rajasthan,RJ_Bharatpur,Bharatpur,2798,388,2355,55,0,40,-14,54,0,,
513,RJ,Rajasthan,RJ_Bhilwara,Bhilwara,893,501,384,8,0,92,92,0,0,,
514,RJ,Rajasthan,RJ_Bikaner,Bikaner,2351,634,1670,47,0,71,38,28,5,,
0,RJ,Rajasthan,RJ_BSF Camp,BSF Camp,79,27,52,0,0,0,0,0,0,,
515,RJ,Rajasthan,RJ_Bundi,Bundi,250,165,84,1,0,13,-3,15,1,,
516,RJ,Rajasthan,RJ_Chittorgarh,Chittorgarh,354,118,230,6,0,22,22,0,0,,
517,RJ,Rajasthan,RJ_Churu,Churu,716,170,542,4,0,21,21,0,0,,
518,RJ,Rajasthan,RJ_Dausa,Dausa,341,32,305,4,0,2,-22,24,0,,
519,RJ,Rajasthan,RJ_Dholpur,Dholpur,1409,279,1112,18,0,4,2,0,2,,
520,RJ,Rajasthan,RJ_Dungarpur,Dungarpur,680,115,564,1,0,19,19,0,0,,
0,RJ,Rajasthan,RJ_Evacuees,Evacuees,61,0,61,0,0,0,0,0,0,,
521,RJ,Rajasthan,RJ_Ganganagar,Ganganagar,314,151,160,3,0,36,16,20,0,,
522,RJ,Rajasthan,RJ_Hanumangarh,Hanumangarh,237,50,186,1,0,3,3,0,0,,
0,RJ,Rajasthan,RJ_Italians,Italians,2,0,2,0,0,0,0,0,0,,
523,RJ,Rajasthan,RJ_Jaipur,Jaipur,6146,1663,4270,213,0,109,40,68,1,,
524,RJ,Rajasthan,RJ_Jaisalmer,Jaisalmer,217,48,169,0,0,0,0,0,0,,
525,RJ,Rajasthan,RJ_Jalore,Jalore,1228,96,1127,5,0,1,-1,2,0,,
526,RJ,Rajasthan,RJ_Jhalawar,Jhalawar,719,211,508,0,0,15,-37,52,0,,
527,RJ,Rajasthan,RJ_Jhunjhunu,Jhunjhunu,656,56,594,6,0,12,11,0,1,,
528,RJ,Rajasthan,RJ_Jodhpur,Jodhpur,7623,1589,5949,85,0,140,-5,144,1,,
529,RJ,Rajasthan,RJ_Karauli,Karauli,376,116,253,7,0,1,-16,17,0,,
530,RJ,Rajasthan,RJ_Kota,Kota,2466,1238,1192,36,0,130,107,23,0,,
531,RJ,Rajasthan,RJ_Nagaur,Nagaur,1596,237,1327,32,0,0,-13,12,1,,
0,RJ,Rajasthan,RJ_Other State,Other State,189,96,54,39,0,0,0,0,0,,
532,RJ,Rajasthan,RJ_Pali,Pali,2891,449,2411,31,0,12,-24,36,0,,
533,RJ,Rajasthan,RJ_Pratapgarh,Pratapgarh,194,31,161,2,0,0,0,0,0,,
534,RJ,Rajasthan,RJ_Rajsamand,Rajsamand,698,105,585,8,0,16,9,7,0,,
535,RJ,Rajasthan,RJ_Sawai Madhopur,Sawai Madhopur,280,111,157,12,0,0,-7,7,0,,
536,RJ,Rajasthan,RJ_Sikar,Sikar,1223,295,917,11,0,0,-11,11,0,,
537,RJ,Rajasthan,RJ_Sirohi,Sirohi,912,94,807,11,0,0,-18,18,0,,
538,RJ,Rajasthan,RJ_Tonk,Tonk,346,59,284,3,0,21,21,0,0,,
539,RJ,Rajasthan,RJ_Udaipur,Udaipur,1518,330,1175,13,0,82,75,7,0,,
540,SK,Sikkim,SK_East Sikkim,East Sikkim,613,398,214,1,0,0,0,0,0,,
541,SK,Sikkim,SK_North Sikkim,North Sikkim,1,0,1,0,0,0,0,0,0,,
542,SK,Sikkim,SK_South Sikkim,South Sikkim,144,71,73,0,0,0,0,0,0,,
543,SK,Sikkim,SK_West Sikkim,West Sikkim,42,27,15,0,0,0,0,0,0,,
0,TG,Telangana,TG_Foreign Evacuees,Foreign Evacuees,33,33,0,0,0,0,0,0,0,District-wise numbers are out-dated as cumulative counts for each district are not reported in Telangana bulletin,
0,TG,Telangana,TG_Other State,Other State,250,250,0,0,0,0,0,0,0,District-wise numbers are out-dated as cumulative counts for each district are not reported in Telangana bulletin,
576,TG,Telangana,TG_Adilabad,Adilabad,360,345,15,0,0,17,17,0,0,District-wise numbers are out-dated as cumulative counts for each district are not reported in Telangana bulletin,
577,TG,Telangana,TG_Bhadradri Kothagudem,Bhadradri Kothagudem,477,473,4,0,0,36,36,0,0,District-wise numbers are out-dated as cumulative counts for each district are not reported in Telangana bulletin,
578,TG,Telangana,TG_Hyderabad,Hyderabad,41449,41121,305,23,0,535,535,0,0,District-wise numbers are out-dated as cumulative counts for each district are not reported in Telangana bulletin,
579,TG,Telangana,TG_Jagtial,Jagtial,347,345,2,0,0,28,28,0,0,District-wise numbers are out-dated as cumulative counts for each district are not reported in Telangana bulletin,
580,TG,Telangana,TG_Jangaon,Jangaon,385,384,1,0,0,26,26,0,0,District-wise numbers are out-dated as cumulative counts for each district are not reported in Telangana bulletin,
581,TG,Telangana,TG_Jayashankar Bhupalapally,Jayashankar Bhupalapally,348,348,0,0,0,21,21,0,0,District-wise numbers are out-dated as cumulative counts for each district are not reported in Telangana bulletin,
582,TG,Telangana,TG_Jogulamba Gadwal,Jogulamba Gadwal,558,532,25,1,0,72,72,0,0,District-wise numbers are out-dated as cumulative counts for each district are not reported in Telangana bulletin,
583,TG,Telangana,TG_Kamareddy,Kamareddy,747,739,8,0,0,28,28,0,0,District-wise numbers are out-dated as cumulative counts for each district are not reported in Telangana bulletin,
584,TG,Telangana,TG_Karimnagar,Karimnagar,2019,2003,16,0,0,123,123,0,0,District-wise numbers are out-dated as cumulative counts for each district are not reported in Telangana bulletin,
585,TG,Telangana,TG_Khammam,Khammam,794,791,3,0,0,64,64,0,0,District-wise numbers are out-dated as cumulative counts for each district are not reported in Telangana bulletin,
586,TG,Telangana,TG_Komaram Bheem,Komaram Bheem,92,90,2,0,0,0,0,0,0,District-wise numbers are out-dated as cumulative counts for each district are not reported in Telangana bulletin,
587,TG,Telangana,TG_Mahabubabad,Mahabubabad,595,594,1,0,0,16,16,0,0,District-wise numbers are out-dated as cumulative counts for each district are not reported in Telangana bulletin,
588,TG,Telangana,TG_Mahabubnagar,Mahabubnagar,861,853,8,0,0,48,48,0,0,District-wise numbers are out-dated as cumulative counts for each district are not reported in Telangana bulletin,
589,TG,Telangana,TG_Mancherial,Mancherial,476,475,0,1,0,43,43,0,0,District-wise numbers are out-dated as cumulative counts for each district are not reported in Telangana bulletin,
590,TG,Telangana,TG_Medak,Medak,660,656,4,0,0,18,18,0,0,District-wise numbers are out-dated as cumulative counts for each district are not reported in Telangana bulletin,
591,TG,Telangana,TG_Medchal Malkajgiri,Medchal Malkajgiri,4069,4059,9,1,0,126,126,0,0,District-wise numbers are out-dated as cumulative counts for each district are not reported in Telangana bulletin,
592,TG,Telangana,TG_Mulugu,Mulugu,307,305,2,0,0,27,27,0,0,District-wise numbers are out-dated as cumulative counts for each district are not reported in Telangana bulletin,
593,TG,Telangana,TG_Nagarkurnool,Nagarkurnool,553,551,2,0,0,22,22,0,0,District-wise numbers are out-dated as cumulative counts for each district are not reported in Telangana bulletin,
594,TG,Telangana,TG_Nalgonda,Nalgonda,1217,1205,12,0,0,52,52,0,0,District-wise numbers are out-dated as cumulative counts for each district are not reported in Telangana bulletin,
595,TG,Telangana,TG_Narayanpet,Narayanpet,127,126,0,1,0,6,6,0,0,District-wise numbers are out-dated as cumulative counts for each district are not reported in Telangana bulletin,
596,TG,Telangana,TG_Nirmal,Nirmal,160,147,13,0,0,25,25,0,0,District-wise numbers are out-dated as cumulative counts for each district are not reported in Telangana bulletin,
597,TG,Telangana,TG_Nizamabad,Nizamabad,1215,1185,30,0,0,91,91,0,0,District-wise numbers are out-dated as cumulative counts for each district are not reported in Telangana bulletin,
598,TG,Telangana,TG_Peddapalli,Peddapalli,700,699,1,0,0,54,54,0,0,District-wise numbers are out-dated as cumulative counts for each district are not reported in Telangana bulletin,
599,TG,Telangana,TG_Rajanna Sircilla,Rajanna Sircilla,594,592,2,0,0,83,83,0,0,District-wise numbers are out-dated as cumulative counts for each district are not reported in Telangana bulletin,
600,TG,Telangana,TG_Ranga Reddy,Ranga Reddy,6361,6342,17,2,0,169,169,0,0,District-wise numbers are out-dated as cumulative counts for each district are not reported in Telangana bulletin,
601,TG,Telangana,TG_Sangareddy,Sangareddy,1872,1866,6,0,0,101,101,0,0,District-wise numbers are out-dated as cumulative counts for each district are not reported in Telangana bulletin,
602,TG,Telangana,TG_Siddipet,Siddipet,382,381,1,0,0,20,20,0,0,District-wise numbers are out-dated as cumulative counts for each district are not reported in Telangana bulletin,
603,TG,Telangana,TG_Suryapet,Suryapet,743,719,24,0,0,34,34,0,0,District-wise numbers are out-dated as cumulative counts for each district are not reported in Telangana bulletin,
604,TG,Telangana,TG_Vikarabad,Vikarabad,328,312,15,1,0,9,9,0,0,District-wise numbers are out-dated as cumulative counts for each district are not reported in Telangana bulletin,
605,TG,Telangana,TG_Wanaparthy,Wanaparthy,353,353,0,0,0,34,34,0,0,District-wise numbers are out-dated as cumulative counts for each district are not reported in Telangana bulletin,
606,TG,Telangana,TG_Warangal Rural,Warangal Rural,621,621,0,0,0,24,24,0,0,District-wise numbers are out-dated as cumulative counts for each district are not reported in Telangana bulletin,
607,TG,Telangana,TG_Warangal Urban,Warangal Urban,2262,2239,23,0,0,128,128,0,0,District-wise numbers are out-dated as cumulative counts for each district are not reported in Telangana bulletin,
608,TG,Telangana,TG_Yadadri Bhuvanagiri,Yadadri Bhuvanagiri,278,278,0,0,0,12,12,0,0,District-wise numbers are out-dated as cumulative counts for each district are not reported in Telangana bulletin,
0,TN,Tamil Nadu,TN_Railway Quarantine,Railway Quarantine,426,2,424,0,0,0,0,0,0,,
0,TN,Tamil Nadu,TN_Airport Quarantine,Airport Quarantine,1527,327,1199,1,0,28,10,18,0,,
0,TN,Tamil Nadu,TN_Other State,Other State,0,-3,0,3,0,0,0,0,0,,
544,TN,Tamil Nadu,TN_Ariyalur,Ariyalur,1154,218,926,10,0,24,-2,25,1,,
732,TN,Tamil Nadu,TN_Chengalpattu,Chengalpattu,16897,2644,13969,284,0,413,-39,447,5,,
545,TN,Tamil Nadu,TN_Chennai,Chennai,106096,11723,92128,2245,0,1092,-91,1162,21,[July 22]: 444 backdated deceased entries added to Chennai in TN bulletin.,
546,TN,Tamil Nadu,TN_Coimbatore,Coimbatore,5997,1579,4322,96,0,192,8,178,6,,
547,TN,Tamil Nadu,TN_Cuddalore,Cuddalore,4232,1912,2271,49,0,216,110,103,3,,
548,TN,Tamil Nadu,TN_Dharmapuri,Dharmapuri,815,86,722,7,0,7,-1,8,0,,
549,TN,Tamil Nadu,TN_Dindigul,Dindigul,3331,561,2707,63,0,129,21,104,4,,
550,TN,Tamil Nadu,TN_Erode,Erode,888,239,636,13,0,59,30,26,3,,
734,TN,Tamil Nadu,TN_Kallakurichi,Kallakurichi,4131,827,3274,30,0,68,-88,153,3,,
551,TN,Tamil Nadu,TN_Kancheepuram,Kancheepuram,10993,2872,7984,137,0,338,26,309,3,,
552,TN,Tamil Nadu,TN_Kanyakumari,Kanyakumari,5829,1933,3833,63,0,222,-22,242,2,,
553,TN,Tamil Nadu,TN_Karur,Karur,680,319,351,10,0,26,15,11,0,,
554,TN,Tamil Nadu,TN_Krishnagiri,Krishnagiri,1263,449,798,16,0,57,0,57,0,,
555,TN,Tamil Nadu,TN_Madurai,Madurai,11689,1864,9549,276,0,96,-243,330,9,,
556,TN,Tamil Nadu,TN_Nagapattinam,Nagapattinam,921,390,520,11,0,4,-41,45,0,,
557,TN,Tamil Nadu,TN_Namakkal,Namakkal,890,363,517,10,0,22,-5,25,2,,
564,TN,Tamil Nadu,TN_Nilgiris,Nilgiris,919,160,756,3,0,22,-4,25,1,,
558,TN,Tamil Nadu,TN_Perambalur,Perambalur,572,142,421,9,0,4,-28,29,3,,
559,TN,Tamil Nadu,TN_Pudukkottai,Pudukkottai,2755,821,1901,33,0,89,9,79,1,,
560,TN,Tamil Nadu,TN_Ramanathapuram,Ramanathapuram,3503,389,3043,71,0,20,-35,54,1,,
733,TN,Tamil Nadu,TN_Ranipet,Ranipet,6342,1731,4567,44,0,269,54,215,0,,
561,TN,Tamil Nadu,TN_Salem,Salem,4251,1109,3099,43,0,163,-57,218,2,,
562,TN,Tamil Nadu,TN_Sivaganga,Sivaganga,2768,460,2253,55,0,26,-51,77,0,,
731,TN,Tamil Nadu,TN_Tenkasi,Tenkasi,2629,870,1720,39,0,65,4,58,3,,
563,TN,Tamil Nadu,TN_Thanjavur,Thanjavur,3484,881,2567,36,0,162,69,91,2,,
565,TN,Tamil Nadu,TN_Theni,Theni,6836,2686,4068,82,0,297,18,276,3,,
566,TN,Tamil Nadu,TN_Thiruvallur,Thiruvallur,15890,3469,12153,268,0,320,-79,394,5,,
567,TN,Tamil Nadu,TN_Thiruvarur,Thiruvarur,1874,181,1681,12,0,23,-106,128,1,,
568,TN,Tamil Nadu,TN_Thoothukkudi,Thoothukkudi,8450,1832,6557,61,0,240,-8,246,2,,
569,TN,Tamil Nadu,TN_Tiruchirappalli,Tiruchirappalli,4834,1273,3494,67,0,101,-150,248,3,,
570,TN,Tamil Nadu,TN_Tirunelveli,Tirunelveli,6071,2274,3732,65,0,251,138,112,1,,
735,TN,Tamil Nadu,TN_Tirupathur,Tirupathur,1436,489,922,25,0,80,30,49,1,,
571,TN,Tamil Nadu,TN_Tiruppur,Tiruppur,1059,329,712,18,0,35,-3,37,1,,
572,TN,Tamil Nadu,TN_Tiruvannamalai,Tiruvannamalai,7058,1995,4982,81,0,153,-153,301,5,,
573,TN,Tamil Nadu,TN_Vellore,Vellore,6897,1376,5440,81,0,192,65,120,7,,
574,TN,Tamil Nadu,TN_Viluppuram,Viluppuram,4316,803,3473,40,0,77,-17,93,1,,
575,TN,Tamil Nadu,TN_Virudhunagar,Virudhunagar,9441,1911,7416,114,0,102,-82,179,5,,
609,TR,Tripura,TR_Dhalai,Dhalai,646,58,585,2,1,6,-7,13,0,,
610,TR,Tripura,TR_Gomati,Gomati,962,364,588,9,1,19,6,12,1,,
611,TR,Tripura,TR_Khowai,Khowai,480,164,313,3,0,10,-2,12,0,,
612,TR,Tripura,TR_North Tripura,North Tripura,502,191,304,1,6,8,8,0,0,,
613,TR,Tripura,TR_Sipahijala,Sipahijala,1208,278,927,3,0,21,8,13,0,,
614,TR,Tripura,TR_South Tripura,South Tripura,374,113,255,3,3,3,3,0,0,,
615,TR,Tripura,TR_Unokoti,Unokoti,136,22,114,0,0,1,-1,2,0,,
616,TR,Tripura,TR_West Tripura,West Tripura,1432,708,707,10,7,30,14,16,0,,
617,UP,Uttar Pradesh,UP_Agra,Agra,1985,293,1592,100,0,39,-8,46,1,,
618,UP,Uttar Pradesh,UP_Aligarh,Aligarh,1808,1050,732,26,0,92,78,14,0,,
619,UP,Uttar Pradesh,UP_Ambedkar Nagar,Ambedkar Nagar,346,140,195,11,0,24,10,14,0,,
620,UP,Uttar Pradesh,UP_Amethi,Amethi,529,111,416,2,0,4,-9,13,0,,
621,UP,Uttar Pradesh,UP_Amroha,Amroha,780,356,413,11,0,-1,-37,36,0,,
622,UP,Uttar Pradesh,UP_Auraiya,Auraiya,536,230,304,2,0,24,-9,33,0,,
765,UP,Uttar Pradesh,UP_Ayodhya,Ayodhya,1448,587,841,20,0,28,-35,60,3,,
623,UP,Uttar Pradesh,UP_Azamgarh,Azamgarh,1413,849,546,18,0,132,88,43,1,,
624,UP,Uttar Pradesh,UP_Baghpat,Baghpat,645,69,563,13,0,6,0,5,1,,
625,UP,Uttar Pradesh,UP_Bahraich,Bahraich,826,473,345,8,0,69,38,31,0,,
626,UP,Uttar Pradesh,UP_Ballia,Ballia,2152,1040,1093,19,0,94,59,34,1,,
627,UP,Uttar Pradesh,UP_Balrampur,Balrampur,340,146,186,8,0,7,-1,8,0,,
628,UP,Uttar Pradesh,UP_Banda,Banda,340,104,234,2,0,5,-40,45,0,,
629,UP,Uttar Pradesh,UP_Barabanki,Barabanki,1463,510,940,13,0,46,18,28,0,,
630,UP,Uttar Pradesh,UP_Bareilly,Bareilly,3085,1662,1351,72,0,138,34,101,3,,
631,UP,Uttar Pradesh,UP_Basti,Basti,1081,397,651,33,0,32,19,12,1,,
632,UP,Uttar Pradesh,UP_Bhadohi,Bhadohi,686,361,319,6,0,9,4,5,0,,
633,UP,Uttar Pradesh,UP_Bijnor,Bijnor,803,163,631,9,0,22,2,20,0,,
634,UP,Uttar Pradesh,UP_Budaun,Budaun,600,243,353,4,0,4,-21,25,0,,
635,UP,Uttar Pradesh,UP_Bulandshahr,Bulandshahr,1478,249,1194,35,0,22,-11,33,0,,
636,UP,Uttar Pradesh,UP_Chandauli,Chandauli,1115,336,770,9,0,21,-23,46,-2,,
637,UP,Uttar Pradesh,UP_Chitrakoot,Chitrakoot,273,125,146,2,0,8,-16,24,0,,
638,UP,Uttar Pradesh,UP_Deoria,Deoria,1614,767,838,9,0,104,55,49,0,,
639,UP,Uttar Pradesh,UP_Etah,Etah,440,221,209,10,0,16,-47,63,0,,
640,UP,Uttar Pradesh,UP_Etawah,Etawah,922,355,539,28,0,39,29,10,0,,
642,UP,Uttar Pradesh,UP_Farrukhabad,Farrukhabad,586,191,383,12,0,15,12,3,0,,
643,UP,Uttar Pradesh,UP_Fatehpur,Fatehpur,653,249,392,12,0,23,-36,59,0,,
644,UP,Uttar Pradesh,UP_Firozabad,Firozabad,822,148,633,41,0,21,6,15,0,,
645,UP,Uttar Pradesh,UP_Gautam Buddha Nagar,Gautam Buddha Nagar,5748,919,4786,43,0,104,-13,117,0,,
646,UP,Uttar Pradesh,UP_Ghaziabad,Ghaziabad,5573,1034,4475,64,0,100,66,34,0,,
647,UP,Uttar Pradesh,UP_Ghazipur,Ghazipur,1436,541,883,12,0,81,-53,133,1,,
648,UP,Uttar Pradesh,UP_Gonda,Gonda,978,512,452,14,0,53,2,51,0,,
649,UP,Uttar Pradesh,UP_Gorakhpur,Gorakhpur,2898,1298,1535,65,0,135,38,93,4,,
650,UP,Uttar Pradesh,UP_Hamirpur,Hamirpur,346,89,248,9,0,7,-3,10,0,,
651,UP,Uttar Pradesh,UP_Hapur,Hapur,1379,218,1141,20,0,29,22,7,0,,
652,UP,Uttar Pradesh,UP_Hardoi,Hardoi,1340,537,790,13,0,53,46,7,0,,
653,UP,Uttar Pradesh,UP_Hathras,Hathras,319,69,244,6,0,11,11,0,0,,
654,UP,Uttar Pradesh,UP_Jalaun,Jalaun,717,440,267,10,0,32,18,14,0,,
655,UP,Uttar Pradesh,UP_Jaunpur,Jaunpur,2509,1255,1222,32,0,102,57,29,16,,
656,UP,Uttar Pradesh,UP_Jhansi,Jhansi,2617,617,1924,76,0,34,-63,95,2,,
657,UP,Uttar Pradesh,UP_Kannauj,Kannauj,1003,361,635,7,0,32,6,26,0,,
658,UP,Uttar Pradesh,UP_Kanpur Dehat,Kanpur Dehat,384,233,147,4,0,22,20,2,0,,
659,UP,Uttar Pradesh,UP_Kanpur Nagar,Kanpur Nagar,7343,4451,2648,244,0,421,275,136,10,,
660,UP,Uttar Pradesh,UP_Kasganj,Kasganj,482,140,341,1,0,14,-2,16,0,,
661,UP,Uttar Pradesh,UP_Kaushambi,Kaushambi,418,87,327,4,0,14,2,12,0,,
663,UP,Uttar Pradesh,UP_Kushinagar,Kushinagar,1017,548,462,7,0,59,39,20,0,,
662,UP,Uttar Pradesh,UP_Lakhimpur Kheri,Lakhimpur Kheri,657,332,318,7,0,13,-25,38,0,,
664,UP,Uttar Pradesh,UP_Lalitpur,Lalitpur,480,425,47,8,0,37,27,9,1,,
665,UP,Uttar Pradesh,UP_Lucknow,Lucknow,10805,4806,5874,125,0,664,293,370,1,,
667,UP,Uttar Pradesh,UP_Maharajganj,Maharajganj,1010,442,559,9,0,88,67,21,0,,
666,UP,Uttar Pradesh,UP_Mahoba,Mahoba,309,80,226,3,0,0,-2,2,0,,
668,UP,Uttar Pradesh,UP_Mainpuri,Mainpuri,806,129,660,17,0,6,-8,14,0,,
669,UP,Uttar Pradesh,UP_Mathura,Mathura,1098,360,704,34,0,89,63,26,0,,
670,UP,Uttar Pradesh,UP_Mau,Mau,630,257,367,6,0,29,22,7,0,,
671,UP,Uttar Pradesh,UP_Meerut,Meerut,2490,514,1862,114,0,50,31,18,1,,
672,UP,Uttar Pradesh,UP_Mirzapur,Mirzapur,911,496,400,15,0,64,49,14,1,,
673,UP,Uttar Pradesh,UP_Moradabad,Moradabad,2271,818,1391,62,0,40,-66,106,0,,
674,UP,Uttar Pradesh,UP_Muzaffarnagar,Muzaffarnagar,943,274,649,20,0,10,-4,14,0,,
675,UP,Uttar Pradesh,UP_Pilibhit,Pilibhit,964,487,470,7,0,53,-9,61,1,,
676,UP,Uttar Pradesh,UP_Pratapgarh,Pratapgarh,646,406,227,13,0,62,58,4,0,,
677,UP,Uttar Pradesh,UP_Prayagraj,Prayagraj,3441,1837,1536,68,0,197,77,117,3,,
678,UP,Uttar Pradesh,UP_Rae Bareli,Rae Bareli,735,311,410,14,0,33,-2,33,2,,
679,UP,Uttar Pradesh,UP_Rampur,Rampur,1439,718,702,19,0,41,21,20,0,,
680,UP,Uttar Pradesh,UP_Saharanpur,Saharanpur,1320,517,785,18,0,43,11,31,1,,
681,UP,Uttar Pradesh,UP_Sambhal,Sambhal,1091,178,893,20,0,31,2,29,0,,
682,UP,Uttar Pradesh,UP_Sant Kabir Nagar,Sant Kabir Nagar,1232,439,782,11,0,59,31,28,0,,
683,UP,Uttar Pradesh,UP_Shahjahanpur,Shahjahanpur,1416,822,584,10,0,130,125,5,0,,
684,UP,Uttar Pradesh,UP_Shamli,Shamli,518,135,376,7,0,9,-13,22,0,,
685,UP,Uttar Pradesh,UP_Shrawasti,Shrawasti,221,88,130,3,0,6,2,4,0,,
686,UP,Uttar Pradesh,UP_Siddharthnagar,Siddharthnagar,1011,394,605,12,0,58,35,23,0,,
687,UP,Uttar Pradesh,UP_Sitapur,Sitapur,676,475,200,1,0,19,15,4,0,,
688,UP,Uttar Pradesh,UP_Sonbhadra,Sonbhadra,770,371,399,0,0,41,33,8,0,,
689,UP,Uttar Pradesh,UP_Sultanpur,Sultanpur,954,415,518,21,0,58,37,20,1,,
690,UP,Uttar Pradesh,UP_Unnao,Unnao,1023,487,520,16,0,29,19,8,2,,
691,UP,Uttar Pradesh,UP_Varanasi,Varanasi,3831,1867,1872,92,0,281,165,111,5,,
692,UT,Uttarakhand,UT_Almora,Almora,322,36,283,2,1,5,-9,14,0,,
693,UT,Uttarakhand,UT_Bageshwar,Bageshwar,155,56,98,1,0,21,21,0,0,,
694,UT,Uttarakhand,UT_Chamoli,Chamoli,110,25,85,0,0,9,7,2,0,,
695,UT,Uttarakhand,UT_Champawat,Champawat,136,52,82,2,0,0,-4,4,0,,
696,UT,Uttarakhand,UT_Dehradun,Dehradun,1938,443,1411,58,26,68,28,36,4,,
697,UT,Uttarakhand,UT_Haridwar,Haridwar,1739,804,925,2,8,109,56,53,0,,
698,UT,Uttarakhand,UT_Nainital,Nainital,1372,563,787,21,1,33,1,32,0,,
699,UT,Uttarakhand,UT_Pauri Garhwal,Pauri Garhwal,239,43,191,4,1,2,-4,6,0,,
700,UT,Uttarakhand,UT_Pithoragarh,Pithoragarh,184,99,85,0,0,2,2,0,0,,
701,UT,Uttarakhand,UT_Rudraprayag,Rudraprayag,87,16,70,1,0,0,-2,2,0,,
702,UT,Uttarakhand,UT_Tehri Garhwal,Tehri Garhwal,560,48,510,2,0,30,28,2,0,,
703,UT,Uttarakhand,UT_Udham Singh Nagar,Udham Singh Nagar,1448,714,725,8,1,56,22,34,0,,
704,UT,Uttarakhand,UT_Uttarkashi,Uttarkashi,333,157,175,1,0,34,25,9,0,,
705,WB,West Bengal,WB_Alipurduar,Alipurduar,546,219,323,4,0,16,5,11,0,,
706,WB,West Bengal,WB_Bankura,Bankura,906,243,663,0,0,31,19,12,0,,
707,WB,West Bengal,WB_Birbhum,Birbhum,799,284,509,6,0,59,47,12,0,,
708,WB,West Bengal,WB_Cooch Behar,Cooch Behar,1137,397,740,0,0,80,-17,97,0,,
709,WB,West Bengal,WB_Dakshin Dinajpur,Dakshin Dinajpur,1649,529,1109,11,0,131,84,47,0,,
710,WB,West Bengal,WB_Darjeeling,Darjeeling,2750,798,1918,34,0,102,65,34,3,,
711,WB,West Bengal,WB_Hooghly,Hooghly,4064,1009,2989,66,0,125,44,81,0,,
712,WB,West Bengal,WB_Howrah,Howrah,9120,2051,6837,232,0,195,-21,214,2,,
713,WB,West Bengal,WB_Jalpaiguri,Jalpaiguri,1641,429,1199,13,0,58,49,9,0,,
714,WB,West Bengal,WB_Jhargram,Jhargram,55,24,31,0,0,17,17,0,0,,
715,WB,West Bengal,WB_Kalimpong,Kalimpong,111,29,81,1,0,0,-3,3,0,,
716,WB,West Bengal,WB_Kolkata,Kolkata,25882,6886,18109,887,0,680,105,548,27,,
717,WB,West Bengal,WB_Malda,Malda,2802,586,2200,16,0,52,-40,92,0,,
719,WB,West Bengal,WB_Murshidabad,Murshidabad,1097,346,737,14,0,46,14,31,1,,
720,WB,West Bengal,WB_Nadia,Nadia,1379,457,909,13,0,85,60,24,1,,
721,WB,West Bengal,WB_North 24 Parganas,North 24 Parganas,18741,5522,12789,430,0,601,85,502,14,,
0,WB,West Bengal,WB_Other State,Other State,66,0,63,3,0,0,0,0,0,,
722,WB,West Bengal,WB_Paschim Bardhaman,Paschim Bardhaman,1426,688,726,12,0,120,87,32,1,,
718,WB,West Bengal,WB_Paschim Medinipur,Paschim Medinipur,1353,257,1079,17,0,30,-37,67,0,,
723,WB,West Bengal,WB_Purba Bardhaman,Purba Bardhaman,1274,513,755,6,0,52,33,19,0,,
724,WB,West Bengal,WB_Purba Medinipur,Purba Medinipur,2124,755,1353,16,0,187,151,35,1,,
725,WB,West Bengal,WB_Purulia,Purulia,301,88,213,0,0,6,-13,19,0,,
726,WB,West Bengal,WB_South 24 Parganas,South 24 Parganas,6254,1541,4605,108,0,261,134,123,4,,
727,WB,West Bengal,WB_Uttar Dinajpur,Uttar Dinajpur,1277,178,1086,13,0,20,-31,49,2,,
728,AN,Andaman and Nicobar Islands,AN_Unknown,Unknown,1071,733,322,16,0,0,0,0,0,,
729,AP,Andhra Pradesh,AP_Unknown,Unknown,0,0,0,0,0,0,0,0,0,,
730,AR,Arunachal Pradesh,AR_Unknown,Unknown,0,0,0,0,0,0,0,0,0,,
731,AS,Assam,AS_Unknown,Unknown,7325,1981,5341,0,3,0,0,0,0,,
732,BR,Bihar,BR_Unknown,Unknown,0,0,0,0,0,0,0,0,0,,
733,CH,Chandigarh,CH_Unknown,Unknown,0,0,0,0,0,0,0,0,0,,
734,CT,Chhattisgarh,CT_Unknown,Unknown,0,0,0,0,0,0,0,0,0,,
735,DN,Dadra and Nagar Haveli and Daman and Diu,DN_Unknown,Unknown,0,0,0,0,0,0,0,0,0,,
737,DL,Delhi,DL_Unknown,Unknown,140743,9561,127124,4058,0,0,0,0,0,,
738,GA,Goa,GA_Unknown,Unknown,3941,0,3941,0,0,0,0,0,0,,
739,GJ,Gujarat,GJ_Unknown,Unknown,0,0,0,0,0,0,0,0,0,,
740,HR,Haryana,HR_Unknown,Unknown,0,0,0,0,0,0,0,0,0,,
741,HP,Himachal Pradesh,HP_Unknown,Unknown,0,-3,0,0,3,0,0,0,0,,
742,JK,Jammu and Kashmir,JK_Unknown,Unknown,0,0,0,0,0,0,0,0,0,,
743,JH,Jharkhand,JH_Unknown,Unknown,0,0,0,0,0,0,0,0,0,,
744,KA,Karnataka,KA_Unknown,Unknown,0,0,0,0,0,0,0,0,0,,
745,KL,Kerala,KL_Unknown,Unknown,0,0,0,0,0,0,0,0,0,,
746,LA,Ladakh,LA_Unknown,Unknown,0,0,0,0,0,0,0,0,0,,
747,LD,Lakshadweep,LD_Unknown,Unknown,0,0,0,0,0,0,0,0,0,,
748,MP,Madhya Pradesh,MP_Unknown,Unknown,0,0,0,0,0,0,0,0,0,,
749,MH,Maharashtra,MH_Unknown,Unknown,0,0,0,0,0,0,0,0,0,,
750,MN,Manipur,MN_Unknown,Unknown,28,-1484,1512,0,0,0,0,0,0,,
751,ML,Meghalaya,ML_Unknown,Unknown,0,0,0,0,0,0,0,0,0,,
752,MZ,Mizoram,MZ_Unknown,Unknown,0,0,0,0,0,0,0,0,0,,
753,NL,Nagaland,NL_Unknown,Unknown,0,0,0,0,0,0,0,0,0,,
754,OR,Odisha,OR_Unknown,Unknown,0,0,0,0,0,0,0,0,0,,
755,PY,Puducherry,PY_Unknown,Unknown,0,0,0,0,0,0,0,0,0,,
756,PB,Punjab,PB_Unknown,Unknown,0,0,0,0,0,0,0,0,0,,
757,RJ,Rajasthan,RJ_Unknown,Unknown,0,0,0,0,0,0,0,0,0,,
758,SK,Sikkim,SK_Unknown,Unknown,29,-21,50,0,0,0,0,0,0,,
759,TN,Tamil Nadu,TN_Unknown,Unknown,0,0,0,0,0,0,0,0,0,,
760,TG,Telangana,TG_Unknown,Unknown,457,-51654,51552,559,0,0,0,0,0,,
761,TR,Tripura,TR_Unknown,Unknown,0,0,0,0,0,0,0,0,0,,
762,UP,Uttar Pradesh,UP_Unknown,Unknown,0,0,0,0,0,0,0,0,0,,
763,UT,Uttarakhand,UT_Unknown,Unknown,0,0,0,0,0,0,0,0,0,,
764,WB,West Bengal,WB_Unknown,Unknown,0,0,0,0,0,0,0,0,0,,
